offset,token
1388,c00i
1410,fdi0
1517,sha0
1541,sha1S
1554,sha1
3433,c00i
3716,s188R1
3731,s189R1
3746,s190R1
3761,s191R1
3776,s192R1
3791,s193R1
3806,s194R1
3821,s195R1
3836,s196
4802,main
4822,fdo1
4843,fdi1
4860,main
4889,tlk0
4907,tlk1
7153,fdo1
7170,fdo1F
7207,fdi0
7454,fdo1
7471,fdo1z
7523,fdi2
7749,fdo1
7766,fdo1
7789,fdi2
8365,fdo1
8382,fdo1
8405,fdi2
8515,fdo1
8532,fdo1
8555,fdi2
8624,fdo1
8641,fdo1
8904,fdi2
9108,fdo1
9125,fdo1
9148,fdi2
10014,fdo1
10075,fdi1
10098,fdo1
10115,fdo1
10144,fdi2
10216,fdo1
10233,fdo1
10262,fdi2
10497,fdo1
10558,fdi1
10581,fdo1
10598,fdo1
10627,fdi2
10693,fdo1
10710,fdo1
10739,fdi2
11004,fdo1
11065,fdi1
11102,fdi1
11125,fdo1
11142,fdo1
11165,fdi2
11231,fdo1
11248,fdo1
11271,fdi2
11500,fdo1
11561,fdi1
11598,fdi1
11621,fdo1
11638,fdo1
11661,fdi2
11727,fdo1
11744,fdo1
11767,fdi2
12334,fdo1
12351,fdo1z
12387,fdi2
12425,fdo1
12442,fdo1N
12488,fdi2
12577,fdo1
12594,fdo1z
12630,fdi2
12668,fdo1
12685,fdo1N
12731,fdi2
12792,fdo1
12809,fdo1
13108,fdi2
13332,s064
13413,s065
13494,s066
13596,s067
13690,s068
13784,s069
13805,s064R
13820,s065R
13835,s066R
13850,s067R
13865,s068R
13880,s069
14112,fdo1
14129,fdo1
14152,fdi2
14233,fdo1
14250,fdo1
14273,fdi2
18025,fdo1
18042,fdo1F
18079,fdi0
18306,fdo1
18323,fdo1z
18393,fdi2
18556,fdo1
18573,fdo1
18602,fdi2
18927,fdo1
18944,fdo1
18967,fdi2
19089,fdo1
19106,fdo1
19135,fdi2
19204,fdo1
19221,fdo1
19491,fdi2
19695,fdo1
19712,fdo1
19735,fdi2
20588,fdo1
20649,fdi1
20686,fdi1
20709,fdo1
20726,fdo1
20755,fdi2
20821,fdo1
20838,fdo1
20867,fdi2
21096,fdo1
21157,fdi1
21194,fdi1
21217,fdo1
21234,fdo1
21263,fdi2
21329,fdo1
21346,fdo1
21375,fdi2
21910,fdo1
21927,fdo1z
21970,fdi2
22008,fdo1
22025,fdo1N
22090,fdi2
22136,fdo1
22153,fdo1
22433,fdi2
22836,fdi2
23050,s064
23131,s065
23212,s066
23314,s067
23408,s068
23502,s069
23523,s064R
23538,s065R
23553,s066R
23568,s067R
23583,s068R
23598,s069
23830,fdo1
23847,fdo1
23870,fdi2
23951,fdo1
23968,fdo1
23991,fdi2
28409,fdo1
28426,fdo1F
28463,fdi0
28710,fdo1
28727,fdo1z
28779,fdi2
29005,fdo1
29022,fdo1
29045,fdi2
29621,fdo1
29638,fdo1
29661,fdi2
29771,fdo1
29788,fdo1
29811,fdi2
29880,fdo1
29897,fdo1
30160,fdi2
30364,fdo1
30381,fdo1
30404,fdi2
31270,fdo1
31331,fdi1
31354,fdo1
31371,fdo1
31400,fdi2
31472,fdo1
31489,fdo1
31518,fdi2
31753,fdo1
31814,fdi1
31837,fdo1
31854,fdo1
31883,fdi2
31949,fdo1
31966,fdo1
31995,fdi2
32260,fdo1
32321,fdi1
32358,fdi1
32381,fdo1
32398,fdo1
32421,fdi2
32487,fdo1
32504,fdo1
32527,fdi2
32756,fdo1
32817,fdi1
32854,fdi1
32877,fdo1
32894,fdo1
32917,fdi2
32983,fdo1
33000,fdo1
33023,fdi2
33590,fdo1
33607,fdo1z
33643,fdi2
33681,fdo1
33698,fdo1N
33744,fdi2
33833,fdo1
33850,fdo1z
33886,fdi2
33924,fdo1
33941,fdo1N
33987,fdi2
34048,fdo1
34065,fdo1
34364,fdi2
34588,s064
34669,s065
34750,s066
34852,s067
34946,s068
35040,s069
35061,s064R
35076,s065R
35091,s066R
35106,s067R
35121,s068R
35136,s069
35368,fdo1
35385,fdo1
35408,fdi2
35489,fdo1
35506,fdo1
35529,fdi2
39281,fdo1
39298,fdo1F
39335,fdi0
39562,fdo1
39579,fdo1z
39649,fdi2
39812,fdo1
39829,fdo1
39858,fdi2
40183,fdo1
40200,fdo1
40223,fdi2
40345,fdo1
40362,fdo1
40391,fdi2
40460,fdo1
40477,fdo1
40747,fdi2
40951,fdo1
40968,fdo1
40991,fdi2
41844,fdo1
41905,fdi1
41942,fdi1
41965,fdo1
41982,fdo1
42011,fdi2
42077,fdo1
42094,fdo1
42123,fdi2
42352,fdo1
42413,fdi1
42450,fdi1
42473,fdo1
42490,fdo1
42519,fdi2
42585,fdo1
42602,fdo1
42631,fdi2
43166,fdo1
43183,fdo1z
43226,fdi2
43264,fdo1
43281,fdo1N
43346,fdi2
43392,fdo1
43409,fdo1
43689,fdi2
44092,fdi2
44306,s064
44387,s065
44468,s066
44570,s067
44664,s068
44758,s069
44779,s064R
44794,s065R
44809,s066R
44824,s067R
44839,s068R
44854,s069
45086,fdo1
45103,fdo1
45126,fdi2
45207,fdo1
45224,fdo1
45247,fdi2
49665,fdo1
49682,fdo1F
49719,fdi0
49966,fdo1
49983,fdo1z
50035,fdi2
50261,fdo1
50278,fdo1
50301,fdi2
50877,fdo1
50894,fdo1
50917,fdi2
51027,fdo1
51044,fdo1
51067,fdi2
51136,fdo1
51153,fdo1
51416,fdi2
51620,fdo1
51637,fdo1
51660,fdi2
52526,fdo1
52587,fdi1
52610,fdo1
52627,fdo1
52656,fdi2
52728,fdo1
52745,fdo1
52774,fdi2
53009,fdo1
53070,fdi1
53093,fdo1
53110,fdo1
53139,fdi2
53205,fdo1
53222,fdo1
53251,fdi2
53516,fdo1
53577,fdi1
53614,fdi1
53637,fdo1
53654,fdo1
53677,fdi2
53743,fdo1
53760,fdo1
53783,fdi2
54012,fdo1
54073,fdi1
54110,fdi1
54133,fdo1
54150,fdo1
54173,fdi2
54239,fdo1
54256,fdo1
54279,fdi2
54846,fdo1
54863,fdo1z
54899,fdi2
54937,fdo1
54954,fdo1N
55000,fdi2
55089,fdo1
55106,fdo1z
55142,fdi2
55180,fdo1
55197,fdo1N
55243,fdi2
55304,fdo1
55321,fdo1
55620,fdi2
55844,s064
55925,s065
56006,s066
56108,s067
56202,s068
56296,s069
56317,s064R
56332,s065R
56347,s066R
56362,s067R
56377,s068R
56392,s069
56624,fdo1
56641,fdo1
56664,fdi2
56745,fdo1
56762,fdo1
56785,fdi2
60537,fdo1
60554,fdo1F
60591,fdi0
60818,fdo1
60835,fdo1z
60905,fdi2
61068,fdo1
61085,fdo1
61114,fdi2
61439,fdo1
61456,fdo1
61479,fdi2
61601,fdo1
61618,fdo1
61647,fdi2
61716,fdo1
61733,fdo1
62003,fdi2
62207,fdo1
62224,fdo1
62247,fdi2
63100,fdo1
63161,fdi1
63198,fdi1
63221,fdo1
63238,fdo1
63267,fdi2
63333,fdo1
63350,fdo1
63379,fdi2
63608,fdo1
63669,fdi1
63706,fdi1
63729,fdo1
63746,fdo1
63775,fdi2
63841,fdo1
63858,fdo1
63887,fdi2
64422,fdo1
64439,fdo1z
64482,fdi2
64520,fdo1
64537,fdo1N
64602,fdi2
64648,fdo1
64665,fdo1
64945,fdi2
65348,fdi2
65562,s064
65643,s065
65724,s066
65826,s067
65920,s068
66014,s069
66035,s064R
66050,s065R
66065,s066R
66080,s067R
66095,s068R
66110,s069
66342,fdo1
66359,fdo1
66382,fdi2
66463,fdo1
66480,fdo1
66503,fdi2
70275,fdo0
70292,fdo0
70747,fdi0
70767,s237
71361,fdo0
71418,naks
71435,hass
71509,fdo0
71566,naks
71583,hass
72123,s079
72266,stop
72283,stop
72300,stop
72317,stop
72334,stop
72351,stop
72368,stop
72385,stop
72403,nake
72420,hase
72798,fdo0
72852,naks
72869,hass
72906,rm06E5
72921,kc06
72961,fdi0
72992,rm06E5
73007,kc06
73047,fdi0
73078,rm06E5
73093,kc06
73133,fdi0
73164,rm06E5
73179,kc06
73219,fdi0
73250,rm06E5
73265,kc06
73305,fdi0
73336,rm06E5
73351,kc06
73391,fdi0
73422,rm06E5
73437,kc06
73477,fdi0
73508,rm06E5
73523,kc06
73563,fdi0
73594,rm06E5
73609,kc06
73649,fdi0
73708,rm06E5
73723,kc06
73757,fdi0
73954,stat
73979,stat
74004,stat
74029,stat
74054,stat
74079,stat
74104,stat
74129,stat
75564,main
75589,main
75614,main
75639,main
75664,main
75689,main
75714,main
75739,main
75765,main
75790,main
75815,main
75840,main
75865,main
75890,main
75915,main
75940,main
75966,main
75991,main
76016,main
76041,main
76066,main
76091,main
76116,main
76141,main
76185,main
76210,main
76235,main
76260,main
76285,main
76310,main
76335,main
76360,main
76410,main
76435,main
76460,main
76485,main
76510,main
76535,main
76560,main
76585,main
76609,naks
76626,hass
76643,kant
77114,stat
77139,stat
77164,stat
77189,stat
77214,stat
77239,stat
77264,stat
77289,stat
77313,stop
77330,stop
77347,stop
77364,stop
77381,stop
77398,stop
77415,stop
77432,stop
79984,s225
80004,fdi0
80039,main
80070,main
80095,main
80120,main
80145,main
80198,s226
80222,tlk0+
80245,tlk1S
80288,s227
80331,tlk0+
80369,s227E0
80384,s187
80439,tlk0+
80490,s187
80513,s237
80530,kant
80664,s237
80690,s242
80731,s242
80772,s242
80813,s247
80848,s248
80865,twa0+
80888,twa1f6
80903,twb0+
80926,twb1f6
80941,tlk0+
80994,s242
81054,s247
81089,s249
81106,twa0+
81129,twa1f6
81144,tlk0+
81167,tlk1f6
81182,twb0+
81235,s250
81272,tlk0+
81295,tlk1
81330,tlk0+
81353,tlk1
81388,tlk0+
81441,s242
81507,s242
81537,s242
81611,s224
81631,fdi0
81669,main
81694,main
81719,main
81744,main
81797,s228
81821,tlk0+
81882,s229
81905,tlk1K
81960,s230
81977,tlk0+
82015,tlk0+
82038,tlk1+
82090,s242
82126,s242
82200,s224
82220,fdi0
82258,main
82283,main
82308,main
82333,main
82386,s231
82410,tlk0+
82471,s232
82494,tlk1K
82549,s233
82566,tlk0+
82604,wra0+
82627,wra1+
82679,s242
82715,s242
82775,s224
82795,fdi0
82833,main
82858,main
82883,main
82908,main
82961,s234
82985,tlk0+
83046,s235
83069,tlk1K
83124,s236
83141,tlk0+
83164,tlk1f
83179,tlk0+
83202,tlk1+
83254,s242
83290,s242
83314,s238
83331,kant
83386,s238
83432,s238
83455,s107
83472,hi01
83665,s107
83691,s237
83708,kant
83759,s237
83788,s237
83805,kant
83869,s237
83901,s237
83918,kant
83995,s237
84037,s103
84054,tlk0+
84077,tlk1R0
84092,s103
84107,u6E0
84120,s105
84137,tlk0
84165,tlk1R0
84180,s105
84208,s101
84225,thk0+
84248,thk1R0
84263,s101
84295,s237
84312,kant
84376,s237
84407,s105
84424,tlk0
84452,tlk1R0
84467,s105
84495,s101
84512,thk0+
84535,thk1R0
84550,s101
84578,s103
84595,tlk0+
84618,tlk1R0
84633,s103
84665,s237
84682,kant
84746,s237
84791,s101
84808,thk0+
84831,thk1R0
84846,s101
84861,b9E0
84874,s103
84891,tlk0+
84914,tlk1R0
84929,s103
84957,s105
84974,tlk0
85002,tlk1R0
85017,s105
85049,s237
85066,kant
85130,s237
85146,s239
85163,kant
85204,s239
85227,s104
85244,hi01
85285,tlk0
85363,s104
85386,s129
85411,s129
85434,s132
85459,s132
85482,s135
85507,s135
85523,s240
85540,kant
85581,s240
85604,s072
85621,hi01
85654,tlk0
85741,tlk1R0
85756,s072
85779,s130
85804,s130
85827,s133
85844,tlk0+
85867,tlk1R0
85882,s133
85905,s136
85922,nmo0+
85945,s136
85961,s241
85978,kant
86019,s241
86042,s073
86097,tlk0
86160,tlk1R0
86175,s073
86198,s131
86223,s131
86246,s134
86263,tlk0+
86286,tlk1R0
86301,s134
86324,s137
86341,tlk0+
86364,tlk1R0
86379,s137
86395,s239
86412,kant
86455,s239E0
86470,s140
86487,hi01
86528,tlk0
86591,tlk1R0
86606,s140
86622,s240
86639,kant
86716,s240E0
86731,s072
86748,hi01
86781,tlk0
86868,tlk1R0
86883,s072
86899,s139
86916,kant
87073,s139
87096,s071
87113,tlk0+
87136,tlk1R0
87151,s071
87161,YBE0
87174,s104
87191,kak0+
87214,kak1R0
87229,s104
87252,s107
87277,s107
87300,s102
87317,tlk0+
87340,tlk1R0
87355,s102
87378,s102
87395,tlk0+
87418,tlk1R0
87433,s102
87443,UCE0
87456,s107
87481,s107
87602,s243
87627,main
87669,s243
87685,tlk0+
87708,s079
87731,s080
87784,thk1
87871,thk2
87922,s080
87948,s080
88037,thk1
88124,thk2
88211,s080
88237,s080
88254,thk1
88341,thk2R0
88356,s080
88390,s080
88415,s085
88440,s080
88537,thk1
88560,thk1
88583,thk0
88750,thk2
88773,thk2
88796,thk1
88891,s080
88914,s085
88937,s080
88971,s085
88983,BIE0
88996,s080
89021,s080
89118,thk1
89141,thk0
89164,thk1
89331,thk2
89354,thk1
89377,thk2
89472,s085
89495,s080
89505,JKR0
89518,s080
89544,s080
89597,thk1
89648,thk2
89699,s080
89733,s080
89758,s080
89770,ULE0
89783,s085
89880,thk0
89903,thk1
89926,thk1
90093,thk1
90116,thk2
90139,thk2
90234,s080
90257,s080
90267,DNR0
90280,s085
90298,s080
90387,thk1
90546,thk2
90633,s080E0
90648,s081
90665,tlk1+
90686,tlk1R0
90701,s081
90760,s084
90777,kant
90794,stat
90819,fdo0
90836,fdo0R0
90851,s084
90866,stop
90900,s082
90927,tlk0+
90965,hi07
91006,tlk0
91058,tlk1R0
91073,s082E0
91088,s083
91165,s083
91181,s082
91218,tlk0
91278,tlk0
91322,tlk1
91363,ara0+
91386,ara1S
91399,ara1K
91421,s082
91549,s083
91596,s083
91612,s082
91649,tlk0
91709,wra0+
91732,wra1
91773,tlb0+
91796,tlb1S
91809,tlb1K
91831,s082
91959,s083
92006,s083
92022,s086
92059,tlk0
92104,tlk1f
92119,tlk0+
92142,tlk1
92168,tlk1f
92183,nmo0+
92204,nmo0K
92226,s086
92354,s087
92396,wav0+
92419,s087
92579,s088
92646,tlk0+
92669,tlk1R0
92684,s088E0
92699,s089
92716,kant
92733,stat
92785,joy0
92964,s089
92987,s090
93019,s090
93042,s096
93074,s096
93084,eYE0
93097,s097
93129,s097E0
93144,s091
93161,kant
93212,tlk0
93230,tlk1
93381,pas0S
93394,pas0
93545,pas0S
93558,pas0
93685,s091E0
93700,s092
93717,hi01
93758,tlk0+
93781,tlk1R0
93796,s092E0
93811,s093
93828,hi07
93869,tlk0+
93892,tlk1E0
93907,kaof
93924,s093
94024,s094
94041,kant
94114,tlk0
94132,tlk1
94191,s094E0
94206,s095
94226,main
94246,stop
94266,kaof
94283,s095
156309,Sakura
156364,Keyaki
157487,Sakura
158863,kill
159646,Sakura
168743,fdo0
168760,fdo0
169873,fdo0
169890,fdo0
169943,sp01
169961,naks
169978,hass
170027,fdo0
170084,naks
170101,hass
170183,LaA0
170674,s038
170976,stop
170993,stop
171010,stop
171027,stop
171052,stop
171069,stop
171086,stop
171103,stop
171123,stop
171140,stop
171157,stop
171174,stop
171192,nake
171209,hase
171440,fdo0
171494,naks
171511,hass
171548,rm06EG
171563,kc06
171603,fdi0
171634,rm06EG
171649,kc06
171689,fdi0
171720,rm06EG
171735,kc06
171775,fdi0
171806,rm06EG
171821,kc06
171861,fdi0
171892,rm06EG
171907,kc06
171947,fdi0
171978,rm06EG
171993,kc06
172033,fdi0
172064,rm06EG
172079,kc06
172119,fdi0
172150,rm06EG
172165,kc06
172205,fdi0
172236,rm06EG
172251,kc06
172291,fdi0
172350,rm06EG
172365,kc06
172399,fdi0
172430,rm06EG
172445,kc06
172490,rm06EG
172505,kc06
172545,fdi0
172576,rm06EG
172591,kc06
172631,fdi0
172662,rm06EG
172677,kc06
172717,fdi0
172748,rm06EG
172763,kc06
172803,fdi0
172834,rm06EG
172849,kc06
172889,fdi0
172920,rm06EG
172935,kc06
172975,fdi0
173006,rm06EG
173021,kc06
173061,fdi0
173092,rm06EG
173107,kc06
173147,fdi0
173178,rm06EG
173193,kc06
173233,fdi0
173264,rm06EG
173279,kc06
173319,fdi0
173350,rm06EG
173365,kc06
173405,fdi0
173436,rm06EG
173451,kc06
173491,fdi0
173522,rm06EG
173537,kc06
173577,fdi0
173608,rm06EG
173623,kc06
173663,fdi0
173694,rm06EG
173709,kc06
173749,fdi0
173780,rm06EG
173795,kc06
173835,fdi0
173866,rm06EG
173881,kc06
173921,fdi0
174276,stat
174309,stat
174329,stat
174354,stat
174387,stat
174407,stat
174432,stat
174465,stat
174485,stat
174510,stat
174543,stat
174563,stat
176630,main
176655,main
176680,main
176713,main
176733,main
176758,main
176791,main
176811,main
176836,main
176869,main
176889,main
176915,main
176940,main
176965,main
176998,main
177018,main
177043,main
177076,main
177096,main
177121,main
177154,main
177174,main
177200,main
177225,main
177250,main
177283,main
177303,main
177328,main
177361,main
177381,main
177406,main
177439,main
177459,main
177503,main
177536,main
177556,main
177581,main
177614,main
177634,main
177659,main
177692,main
177712,main
177737,main
177770,main
177790,main
177840,main
177865,main
177890,main
177923,main
177943,main
177968,main
178001,main
178021,main
178046,main
178079,main
178099,main
178123,naks
178140,hass
178157,kant
178217,s136
178237,fdi0
178254,ei00
178271,ohh0H
178305,s136
178328,rm01
178356,rm01
178384,rm01
178412,rm01
178476,hatu
178531,rm01EG
178546,kc01
178574,rm01EG
178589,kc01
178617,rm01EG
178632,kc01
178660,rm01EG
178675,kc01
178695,s137
178754,fdo0
178771,fdo0RA
179229,stat
179262,stat
179282,stat
179307,stat
179340,stat
179360,stat
179385,stat
179418,stat
179438,stat
179463,stat
179496,stat
179516,stat
179540,stop
179557,stop
179574,stop
179591,stop
179616,stop
179633,stop
179650,stop
179667,stop
179687,stop
179704,stop
179721,stop
179738,stop
180358,s075
180378,blue
180424,s075EA
180439,s076
180487,s076EA
180502,s077
180527,s077EA
180542,s078
180575,s078EA
180590,s079
180615,s079EA
180630,s080
180655,s080EA
180670,s081
180695,tlk1'
180725,fdo1
180742,fdo1EA
180757,blof
180774,s081z
180879,s088
180899,blue
180968,s088EA
180983,s089
181008,s089EA
181023,s090
181048,s090EA
181063,s091
181096,s091EA
181111,s092
181136,tlk1E
181151,fdo1
181168,fdo1EA
181183,blof
181239,s017
181259,fdi0
181297,main
181322,main
181347,main
181372,main
181412,s017EA
181427,s018
181480,tlk1RA
181495,s018
181518,s019
181560,s019EA
181575,s020
181623,tlk1RA
181638,s020EA
181653,s021
181698,s021EA
181713,s022
181761,tlk1RA
181776,s022EA
181791,s023
181874,tlk1RA
181889,s023EA
181904,s024
181969,s024EA
181984,s025
182032,s025EA
182047,s026
182087,tlk1RA
182102,s026EA
182117,s027
182165,tlk1RA
182180,s027EA
182195,s028
182260,tlk1RA
182275,s028
182288,T7EA
182301,s019
182336,s019EA
182351,s050
182406,s050EA
182421,s051
182452,s051EA
182467,s052
182516,s052EA
182531,s053
182561,s053EA
182576,s054
182616,s054EA
182631,s055
182679,tlk1RA
182694,s055EA
182709,s056
182749,tlk1fN
182805,s056EA
182820,s057
182873,s057
182891,s019
182956,tlk1RA
182971,s019EA
182986,s028
183028,s028
183058,s029
183075,kant
183111,s029EA
183126,s030
183143,thk1
183174,s030EA
183189,s031
183206,kant
183240,s031EA
183255,s032
183308,sp01RA
183323,s032
183346,s029
183363,kant
183402,s029EA
183417,s030
183457,s030EA
183472,s043
183489,kant
183523,s043EA
183538,s032
183576,sp01RA
183591,s032EA
183606,s044
183623,kant
183657,s044
183680,s029
183697,kant
183736,s029EA
183751,s030
183791,s030EA
183806,s043
183823,kant
183857,s043EA
183872,s032
183912,s032EA
183927,s047
183944,kant
183978,s047EA
183993,s048
184066,s048EA
184081,s049
184143,sp01RA
184158,s049EA
184173,s044
184190,kant
184215,s044
184238,s058
184255,kant
184280,s058EA
184295,s059
184335,s059EA
184350,s060
184367,kant
184401,s060EA
184416,s061
184456,s061EA
184471,s062
184488,kant
184522,s062EA
184537,s059
184577,s059EA
184592,s063
184609,kant
184643,s063EA
184658,s061
184698,ehn1RA
184713,s061EA
184728,s064
184784,sp01RA
184799,s064EA
184814,s044
184831,kant
184872,s044EA
184887,s065
184912,s065
184935,s029
184952,kant
184991,s029EA
185006,s030
185046,s030EA
185061,s086
185078,kant
185112,s086EA
185127,s032
185167,s032EA
185182,s047
185199,kant
185233,s047EA
185248,s030
185288,s030EA
185303,s087
185320,kant
185354,s087EA
185369,s032
185407,sp01RA
185422,s032EA
185437,s044
185454,kant
185488,s044
185498,IDEA
185511,s029
185528,kant
185574,s029EA
185589,s030
185629,s030EA
185644,s043
185661,kant
185686,s043EA
185701,s032
185742,s032EA
185757,s093
185797,s093EA
185812,s094
185855,s094EA
185870,s095
185910,s095EA
185925,s096
186022,tlk0
186038,sp01RA
186053,s096EA
186068,s097
186129,s097EA
186144,s044
186161,kant
186193,s044
186217,s033
186262,main
186289,sp02RA
186304,s033
186343,s038EA
186358,s039
186383,thk1
186450,thk2
186520,thk1
186639,thk2
186727,tlk1RA
186742,s039
186771,s042
186788,kant
186805,stat
186830,fdo0
186847,fdo0RA
186862,s042
186877,stop
187223,s082
187243,fdi1
187281,s082EA
187296,s083
187316,main
187345,s083EA
187360,s084
187396,s084EA
187411,s085
187435,fdo0
187452,fdo0RA
187500,s040
187565,thk2RA
187580,s040EA
187595,s041
187650,s041
187687,s066
187724,kJfO
187760,ohh1
187825,s066EA
187840,s067
187894,s067EA
187909,s068
187949,ika1RA
187964,s068EA
187979,s069
188019,tlk1RA
188034,s069EA
188049,s074
188101,ika1RA
188116,s074EA
188131,s041
188193,s041
188363,s098
188448,s098EA
188463,s099
188480,kant
188497,stat
188544,joy0
188727,s099EA
188742,s100
188759,kant
188852,s100EA
188867,s101
188887,main
188992,fdo0
189009,fdo0RA
189024,s101
189039,stop
189170,s102
189190,blue
189236,s102EA
189251,s103
189302,tlk1'
189324,s103EA
189339,s104
189405,tlk1RA
189420,s104EA
189435,s105
189475,tlk1RA
189490,s105EA
189505,s106
189583,tlk1RA
189598,s106EA
189613,s107
189666,tlb1RA
189681,s107EA
189696,s108
189803,s108EA
189818,s109
189858,tlk1RA
189873,s109EA
189888,s110
189913,fdo0
189930,fdo0RA
189945,s110
190049,s111
190076,efon
190093,osou
190120,grd0
190138,s111EA
190153,s134
190168,grd0Eb
190183,efof
190203,who0
190220,efofUc
190235,who0RA
190322,s135
190342,whi0
190359,efon
190376,rak0
190391,s001
190411,s002
190434,s135EA
190449,s112
190466,s004
190504,hasi
190527,dai0RA
190542,s112EA
190557,s113
190587,fdo0
190604,fdo0RA
190619,s1135
190726,s114
190746,blue
190801,tlk1
190842,tlk1RA
190857,s114EA
190872,s115
190912,tlk1RA
190927,s115EA
190942,s116
190976,s116EA
190991,s117
191069,tlk1RA
191084,s117EA
191099,s118
191171,s118EA
191186,s119
191206,s119EA
191221,s120
191238,ika0
191271,ika1RA
191286,s120EA
191301,s121
191360,tlk1RA
191375,s121EA
191390,s122
191468,tlk1RA
191483,s122EA
191498,s123
191538,tlk1RA
191553,s123EA
191568,s124
191631,s124EA
191646,s125
191686,s125EA
191701,s126
191773,fdo0
191790,fdo0RA
191805,s126EA
191820,blof
191910,s127
191930,fdi1
191999,s127EA
192014,s128
192054,s128EA
192069,s129
192117,tlk1RA
192132,s129EA
192147,s130
192172,s130EA
192187,s131
192250,s131EA
192265,s132
192305,s132EA
192320,s133
192388,fdo0
192405,fdo0RA
192420,s133
192438,s101EA
192453,s041
192500,s041EA
192515,s042
192532,kant
192557,fdo0
192574,fdo0RA
192589,s042
192604,stop
192636,s040
192686,s040EA
192701,s045
192739,ski0RA
192754,s045EA
192769,s046
192837,tlk1
192878,thk2RA
192893,s046EA
192908,s041
192955,s041
192971,s040
193021,s040EA
193036,s045
193074,ski0RA
193089,s045EA
193104,s041
193151,s041EA
193166,s042
193183,kant
193200,stat
193225,fdo0
193242,fdo0RA
193257,s042
193272,stop
195683,s034
195707,s034
195785,fdi0
195849,fdi0
195918,fdi0
196160,fdi0
196258,fdi0
196330,rm01
196362,rm01
196394,rm01
196434,rm01
196454,rm01
196486,rm01
196526,rm01
196546,rm01
196578,rm01
196618,rm01
196638,rm01
196658,fdi0
196703,rm00
196735,rm00
196767,rm00
196807,rm00
196827,rm00
196859,rm00
196899,rm00
196919,rm00
196951,rm00
196991,rm00
197011,rm00
197041,fdi0
197081,rm04
197113,rm04
197145,rm04
197185,rm04
197205,rm04
197237,rm04
197277,rm04
197297,rm04
197329,rm04
197369,rm04
197389,rm04
197419,fdi0
197801,s034
197819,fdi0
197903,rm03
197952,rm03
198001,rm03
198058,rm03
198085,rm03
198134,rm03
198191,rm03
198218,rm03
198267,rm03
198324,rm03
198351,rm03
198430,rm01
198467,rm01
198504,rm01
198549,rm01
198569,rm01
198606,rm01
198651,rm01
198671,rm01
198708,rm01
198753,rm01
198773,rm01
198907,fdi0
198991,rmat
199011,kcat
199028,rm03
199072,rmat
199092,kcat
199109,rm03
199153,rmat
199173,kcat
199190,rm03
199242,rmat
199262,kcat
199279,rm03
199306,rmat
199326,kcat
199343,rm03
199387,rmat
199407,kcat
199424,rm03
199476,rmat
199496,kcat
199513,rm03
199540,rmat
199560,kcat
199577,rm03
199621,rmat
199641,kcat
199658,rm03
199710,rmat
199730,kcat
199747,rm03
199774,rmat
199794,kcat
199811,rm03
199876,rm03
199906,rm03
199936,rm03
199974,rm03
199994,rm03
200024,rm03
200062,rm03
200082,rm03
200112,rm03
200150,rm03
200170,rm03
200224,rm03
200254,rm03
200284,rm03
200322,rm03
200342,rm03
200372,rm03
200410,rm03
200430,rm03
200460,rm03
200498,rm03
200518,rm03
200571,rm01
200611,rm01
200651,rm01
200699,rm01
200719,rm01
200759,rm01
200807,rm01
200827,rm01
200867,rm01
200915,rm01
200935,rm01
200966,fdi0
201050,rm03
201094,rm03
201138,rm03
201190,rm03
201217,rm03
201261,rm03
201313,rm03
201340,rm03
201384,rm03
201436,rm03
201463,rm03
201514,rm06
201556,kc06
201586,rm01
201614,rm01
201642,rm01
201678,rm01
201698,rm01
201726,rm01
201762,rm01
201782,rm01
201810,rm01
201846,rm01
201866,rm01
201925,rm03
201967,rm03
202009,rm03
202059,rm03
202079,rm03
202121,rm03
202171,rm03
202191,rm03
202233,rm03
202283,rm03
202303,rm03
202361,rm01
202394,rm01
202427,rm01
202468,rm01
202488,rm01
202521,rm01
202562,rm01
202582,rm01
202615,rm01
202656,rm01
202676,rm01
203157,s009
203177,fdi0
203194,kant
203226,tlk0
203244,tlk1
203262,fdo0
203282,s009
203298,s070
203318,fdi0
203335,kant
203367,wai0
203385,fdo0
203405,s070
203421,s010
203441,fdi0
203458,kant
203490,tlk0
203508,tlk1
203526,fdo0
203546,s010
203562,s071
203582,fdi0
203599,kant
203631,wav0
203649,fdo0
203669,s071
203685,s011
203705,fdi0
203722,kant
203754,thk1
203772,fdo0
203792,thk2R
203807,s011
203823,s072
203843,fdi0
203860,kant
203892,dis0
203910,fdo0
203930,s072
203946,s012
203966,fdi0
203983,kant
204000,tlk0
204033,han0
204051,fdo0
204071,han1R
204086,s012
204102,s073
204122,fdi0
204139,kant
204156,tlk0
204174,ohh0
204192,tlk1
204210,fdo0
204230,ohh1R
204245,s073
204261,s013
204281,fdi0
204298,kant
204345,cla0
204393,fdo0
204443,tlk1R
204458,s013
204474,s014
204494,thk1E
204509,fdi0
204526,kant
204546,thk1
204564,dis0
204597,fdo0
204632,thk2R
204647,s014
204663,s015
204683,fdi0
204700,kant
204717,tha1
204750,tlk0
204768,fdo0
204803,tlk1R
204818,s015
204834,s016
204854,fdi0
204871,kant
204888,thb1
204906,tlk0
204924,thk1
204957,thk1
204975,fdo0
205040,thb2R
205055,s016
205071,naks
205088,hass
205105,kant
205752,s035
205769,kant
206046,sp02
206061,main
206081,stop
206098,stop
206115,stop
206132,stop
206157,stop
206174,stop
206191,stop
206208,stop
206228,stop
206245,stop
206262,stop
206279,stop
206296,s035A
206328,s036
206345,stat
206362,fan1
206379,s036
206394,stop
206414,s037
206431,fan2
206451,s037
208745,tlk0
208763,tlk1
209793,s034
209819,rm01E
209834,kc01
209870,rm01E
209885,kc01
209905,rm01E
209920,kc01
209948,rm01E
209963,kc01
209999,rm01E
210014,kc01
210034,rm01E
210049,kc01
210077,rm01E
210092,kc01
210128,rm01E
210143,kc01
210163,rm01E
210178,kc01
210206,rm01E
210221,kc01
210257,rm01E
210272,kc01
210292,rm01E
210307,kc01
210335,rm00E
210350,kc00
210386,rm00E
210401,kc00
210421,rm00E
210436,kc00
210464,rm00E
210479,kc00
210515,rm00E
210530,kc00
210550,rm00E
210565,kc00
210593,rm00E
210608,kc00
210644,rm00E
210659,kc00
210679,rm00E
210694,kc00
210722,rm00E
210737,kc00
210773,rm00E
210788,kc00
210808,rm00E
210823,kc00
210851,kc02
210887,kc02
210907,kc02
210935,kc02
210971,kc02
210991,kc02
211019,kc02
211055,kc02
211075,kc02
211103,kc02
211139,kc02
211159,kc02
211187,rm03E
211202,kc03
211238,rm03E
211253,kc03
211273,rm03E
211288,kc03
211316,rm03E
211331,kc03
211367,rm03E
211382,kc03
211402,rm03E
211417,kc03
211445,rm03E
211460,kc03
211496,rm03E
211511,kc03
211531,rm03E
211546,kc03
211574,rm03E
211589,kc03
211625,rm03E
211640,kc03
211660,rm03E
211675,kc03
211703,rm04E
211718,kc04
211754,rm04E
211769,kc04
211789,rm04E
211804,kc04
211832,rm04E
211847,kc04
211883,rm04E
211898,kc04
211918,rm04E
211933,kc04
211961,rm04E
211976,kc04
212012,rm04E
212027,kc04
212047,rm04E
212062,kc04
212090,rm04E
212105,kc04
212141,rm04E
212156,kc04
212176,rm04E
212191,kc04
212219,pc00E
212234,kp00
212262,pc01E
212277,kp01
212305,pc02E
212320,kp02
212348,pc03E
212363,kp03
213217,cho0
213234,cho0
213253,cho0
213270,cho0
213289,cho0E
213304,kcc0
213322,cho0E
213337,kcc0
214081,yor0
214130,yor0
214234,ton0
214252,ton1
214430,yor0
214479,yor02
214583,ton0
214601,ton1
214694,ton0
214712,ton1
214806,yor0
214842,ton0
214860,ton1
214959,ton0
214977,ton1
215056,ton0
215074,ton1
215216,yor0
215255,ton0
215273,ton1
215291,mog0
215309,mog1
215478,mog0
215496,mog1
215649,yor0
215698,yor02
215791,ton0
215809,ton1
215880,mog0
215898,mog1
215944,ton0
215962,ton1
217145,s147
217165,fdi0
217182,kant
217229,hi07
217265,tlk1
217283,fdo0
217303,s147
217319,s152
217339,fdi0
217356,kant
217418,tlk0
217436,tlk1
217454,fdo0
217474,s152
217490,s153
217510,fdi0
217527,kant
217559,thk1
217577,fdo0
217597,thk2R
217612,s153
217628,s154
217648,fdi0
217665,kant
217682,tlk0
217700,hi01
217751,han0
217769,fdo0
217789,han1R
217804,s154
217820,s148
217840,fdi0
217857,kant
217889,tlk0
217907,tlk0
217940,tlk0
217958,fdo0
218008,tlk1R
218023,s148
218039,s149
218059,fdi0
218076,kant
218093,dis0
218111,thk1
218129,thk1
218162,fdo0
218197,thk2R
218212,s149
218228,s150
218248,fdi0
218265,kant
218282,tlk0
218315,tha1
218333,fdo0
218368,tlk1R
218383,s150
218399,s151
218419,fdi0
218436,kant
218453,thk1
218471,tlk0
218489,thb1
218507,thk1
218540,fdo0
218605,thb2R
218620,s151
218636,s155
218656,fdi0
218673,kant
218702,lau0
218720,lau1
218738,fdo0
218758,s155
218774,s156
218794,fdi0
218811,kant
218828,ara0n
218858,ara1
218876,fdo0
218896,s156
218912,s157
218932,fdi0
218949,kant
218981,thk0
218999,fdo0
219019,thk1R
219034,s157
219050,s158
219070,fdi0
219087,kant
219104,tlk0
219137,tlk0
219155,fdo0
219175,tlk1R
219190,s158
219206,s159
219226,fdi0
219243,kant
219272,ter0
219290,fdo0
219310,ter1R
219325,s159
219341,s160
219358,fdi0
219375,kant
219404,sij0
219422,fdo0
219442,s160
219458,s161
219478,fdi0
219495,kant
219527,thk1
219545,fdo0
219565,thk2R
219580,s161
219596,s162
219616,fdi0
219633,kant
219650,tlk0
219683,tlk0
219701,fdo0
219721,tlk1R
219736,s162
219752,s163
219772,fdi0
219789,kant
219821,wai0
219839,fdo0
219859,s163
219875,s164
219895,fdi0
219912,kant
219941,syu0
219959,fdo0
219979,s164
219995,s165
220015,fdi0
220032,kant
220064,nmo0
220082,fdo0
220102,s165
220118,s166
220138,fdi0
220155,kant
220172,tlk0
220190,tlk1f
220205,tlk0
220223,tlk1E
220238,fdo0
220258,s166
220274,naks
220291,hass
220308,kant
220435,fdi0
220452,kant
220469,tlk0+
220776,tlk1
220824,hi01
220867,tlk0+
220892,tlk1E
220907,kaof
220924,fdo0
220941,fdo0
221214,s141
221231,kant
221535,main
221555,stop
221572,stop
221589,stop
221606,stop
221623,stop
221640,stop
221657,stop
221674,stop
221691,s141
221731,s142
221748,stat
221765,fan1
221782,s142
221797,stop
221832,s204
221849,stat
221866,fan1
221883,s204
221898,stop
221933,s202
221950,stat
221967,fan1
221984,s202
221999,stop
222034,s205
222051,stat
222068,fan1
222085,s205
222100,stop
222135,s206
222152,stat
222169,fan1
222186,s206
222201,stop
222236,s207
222253,stat
222270,fan1
222287,s207
222302,stop
222337,s203
222354,stat
222371,fan1
222388,s203
222403,stop
222438,s208
222455,stat
222472,fan1
222489,s208
222504,stop
222542,s142
222559,stat
222576,fan1
222593,s142
222608,stop
222628,s146
222645,fan2
222665,s146
225157,s138
225181,s138
225254,fdi0
225318,fdi0
225382,fdi0
225478,pc00
225508,fdo0
225563,s197
225583,s180
225619,s197
225639,s180
225675,s197
225695,s180
225715,s180
225735,fdi0
225775,s197
225793,s180
225827,s197
225845,s180
225879,s197
225897,s180
225915,s180E
225930,naks
225947,hass
225995,pc01
226015,fdi0
226123,fdi0
226208,fdi0
226273,s138
226297,s138
226375,fdi0
226439,fdi0
226508,fdi0
226604,pc00
226634,fdo0
226689,s197
226709,s180
226745,s197
226765,s180
226801,s197
226821,s180
226841,s180
226861,fdi0
226901,s197
226919,s180
226953,s197
226971,s180
227005,s197
227023,s180
227041,s180E
227056,naks
227073,hass
227121,pc01
227141,fdi0
227238,fdi0
227336,fdi0
227408,rm01
227440,rm01
227472,rm01
227504,rm01
227536,rm01
227568,rm01
227600,rm01
227632,rm01
227652,fdi0
227697,rm00
227729,rm00
227761,rm00
227793,rm00
227825,rm00
227857,rm00
227889,rm00
227921,rm00
227951,fdi0
227991,rm04
228023,rm04
228055,rm04
228087,rm04
228119,rm04
228151,rm04
228183,rm04
228215,rm04
228245,fdi0
228627,s138
228645,fdi0
228722,rm03
228764,rm03
228806,rm03
228848,rm03
228890,rm03
228932,rm03
228974,rm03
229016,rm03
229092,rm01
229129,rm01
229166,rm01
229203,rm01
229240,rm01
229277,rm01
229314,rm01
229351,rm01
229385,fdi0
229462,rmat
229482,kcat
229499,rm03
229536,rmat
229556,kcat
229573,rm03
229610,rmat
229630,kcat
229647,rm03
229684,rmat
229704,kcat
229721,rm03
229758,rmat
229778,kcat
229795,rm03
229832,rmat
229852,kcat
229869,rm03
229906,rmat
229926,kcat
229943,rm03
229980,rmat
230000,kcat
230017,rm03
230079,rm03
230109,rm03
230139,rm03
230169,rm03
230199,rm03
230229,rm03
230259,rm03
230289,rm03
230343,rm03
230373,rm03
230403,rm03
230433,rm03
230463,rm03
230493,rm03
230523,rm03
230553,rm03
230606,rm01
230646,rm01
230686,rm01
230726,rm01
230766,rm01
230806,rm01
230846,rm01
230886,rm01
230917,fdi0
230994,rm03
231031,rm03
231068,rm03
231105,rm03
231142,rm03
231179,rm03
231216,rm03
231253,rm03
231301,rm06
231341,rm06E
231356,rm01
231384,rm06E
231399,rm01
231427,rm06E
231442,rm01
231470,rm06E
231485,rm01
231513,rm06E
231528,rm01
231556,rm06E
231571,rm01
231599,rm06E
231614,rm01
231642,rm06E
231657,rm01
231716,rm03
231758,rm03
231800,rm03
231842,rm03
231884,rm03
231926,rm03
231968,rm03
232010,rm03
232068,rm01
232108,rm01
232148,rm01
232188,rm01
232228,rm01
232268,rm01
232308,rm01
232348,rm01
233112,s138
233138,rm01E
233153,kc01
233181,rm01E
233196,kc01
233224,rm01E
233239,kc01
233267,rm01E
233282,kc01
233310,rm01E
233325,kc01
233353,rm01E
233368,kc01
233396,rm01E
233411,kc01
233439,rm01E
233454,kc01
233482,rm00E
233497,kc00
233525,rm00E
233540,kc00
233568,rm00E
233583,kc00
233611,rm00E
233626,kc00
233654,rm00E
233669,kc00
233697,rm00E
233712,kc00
233740,rm00E
233755,kc00
233783,rm00E
233798,kc00
233826,kc02
233854,kc02
233882,kc02
233910,kc02
233938,kc02
233966,kc02
233994,kc02
234022,kc02
234050,rm03E
234065,kc03
234093,rm03E
234108,kc03
234136,rm03E
234151,kc03
234179,rm03E
234194,kc03
234222,rm03E
234237,kc03
234265,rm03E
234280,kc03
234308,rm03E
234323,kc03
234351,rm03E
234366,kc03
234394,rm04E
234409,kc04
234437,rm04E
234452,kc04
234480,rm04E
234495,kc04
234523,rm04E
234538,kc04
234566,rm04E
234581,kc04
234609,rm04E
234624,kc04
234652,rm04E
234667,kc04
234695,rm04E
234710,kc04
234738,pc00E
234753,kp00
234781,pc01E
234796,kp01
234824,pc02E
234839,kp02
234867,pc03E
234882,kp03
235644,cho0
235661,cho0
235680,cho0E
235695,kcc0
237326,yor0
237375,yor0
237479,ton0
237497,ton1
237675,yor0
237724,yor02
237828,ton0
237846,ton1
237939,ton0
237957,ton1
238051,yor0
238087,ton0
238105,ton1
238204,ton0
238222,ton1
238301,ton0
238319,ton1
238461,yor0
238500,ton0
238518,ton1
238536,mog0
238554,mog1
238723,mog0
238741,mog1
238894,yor0
238943,yor02
239036,ton0
239054,ton1
239125,mog0
239143,mog1
239189,ton0
239207,ton1
300393,fdo0
300410,fdo0
301175,fdo0
301232,naks
301249,hass
301323,fdo0
301380,naks
301397,hass
301937,s079
302047,fdi2
302123,stop
302140,stop
302157,stop
302174,stop
302191,stop
302208,stop
302225,stop
302242,stop
302260,nake
302277,hase
302428,fdo0
302482,naks
302499,hass
302553,fdi0
302601,fdi0
302649,fdi0
302697,fdi0
302745,fdi0
302793,fdi0
302841,fdi0
302861,fdi0
302909,fdi0
302957,fdi0
303033,fdi0
303138,stat
303163,stat
303188,stat
303213,stat
303238,stat
303263,stat
303288,stat
303313,stat
304557,main
304582,main
304607,main
304632,main
304657,main
304682,main
304707,main
304732,main
304758,main
304783,main
304808,main
304833,main
304858,main
304883,main
304908,main
304933,main
304959,main
304984,main
305009,main
305034,main
305059,main
305084,main
305109,main
305134,main
305178,main
305203,main
305228,main
305253,main
305278,main
305303,main
305328,main
305353,main
305403,main
305428,main
305453,main
305478,main
305503,main
305528,main
305553,main
305578,main
305602,naks
305619,hass
305636,kant
306416,stat
306441,stat
306466,stat
306491,stat
306516,stat
306541,stat
306566,stat
306591,stat
306615,stop
306632,stop
306649,stop
306666,stop
306683,stop
306700,stop
306717,stop
306734,stop
307100,s225
307120,fdi0
307155,main
307197,main
307222,main
307247,main
307272,main
307314,main
307339,main
307364,main
307389,main
307423,main
307448,main
307473,main
307498,main
307523,s225Ek
307538,s226
307562,tlk0+
307587,tlk1S
307600,tlk1Rk
307615,s226Ek
307630,s227
307677,tlk0+
307702,tlk1Rk
307717,s227E'
307732,s187
307789,tlk0+
307842,s187
307865,s237
307882,kant
308129,s237
308147,s242
308201,s242
308237,s238
308254,kant
308301,s238Ek
308316,s239
308333,kant
308380,s239Ek
308395,s240
308412,kant
308459,s240Ek
308474,s241
308491,kant
308538,s241
308650,sp01Ek
308665,s243
308692,main
308719,sp02Rk
308734,s243
308750,tlk0+
308775,s079E'
308790,s080
308893,thk1
309071,thk2
309162,s080E'
309177,s081
309268,tlk1S
309281,tlk1R'
309296,s081
309314,s084
309331,kant
309348,stat
309368,fdo0
309385,fdo0R'
309400,s084
309415,stop
309433,s082
309460,tlk0+
309500,hi07
309543,tlk0
309599,tlk1R'
309614,s082E'
309629,s083
309708,s083
309871,s088
309938,tlk0+
309961,tlk1R'
309976,s088E'
309991,s089
310008,kant
310025,stat
310077,joy0
310131,s089
310154,s090
310186,s090
310209,s096
310241,s096
310264,s097
310296,s097E'
310311,s091
310328,kant
310355,s091E'
310370,s092
310387,hi01
310428,tlk0+
310451,tlk1R'
310466,s092E'
310481,s093
310498,hi07
310539,tlk0+
310562,tlk1E'
310577,kaof
310594,s093E'
310609,s095
310629,main
310649,stop
310669,kaof
310686,s095
383160,s138
383184,s138
383257,fdi0
383321,fdi0
383385,fdi0
383481,pc00
383511,fdo0
383566,s197
383586,s180
383622,s197
383642,s180
383678,s197
383698,s180
383718,s180
383738,fdi0
383778,s197
383796,s180
383830,s197
383848,s180
383882,s197
383900,s180
383918,s180E
383933,naks
383950,hass
383998,pc01
384018,fdi0
384126,fdi0
384211,fdi0
384276,s138
384300,s138
384378,fdi0
384442,fdi0
384511,fdi0
384607,pc00
384637,fdo0
384692,s197
384712,s180
384748,s197
384768,s180
384804,s197
384824,s180
384844,s180
384864,fdi0
384904,s197
384922,s180
384956,s197
384974,s180
385008,s197
385026,s180
385044,s180E
385059,naks
385076,hass
385124,pc01
385144,fdi0
385241,fdi0
385339,fdi0
385411,rm01
385443,rm01
385475,rm01
385507,rm01
385539,rm01
385571,rm01
385603,rm01
385635,rm01
385655,fdi0
385700,rm00
385732,rm00
385764,rm00
385796,rm00
385828,rm00
385860,rm00
385892,rm00
385924,rm00
385954,fdi0
385994,rm04
386026,rm04
386058,rm04
386090,rm04
386122,rm04
386154,rm04
386186,rm04
386218,rm04
386248,fdi0
386630,s138
386648,fdi0
386725,rm03
386767,rm03
386809,rm03
386851,rm03
386893,rm03
386935,rm03
386977,rm03
387019,rm03
387095,rm01
387132,rm01
387169,rm01
387206,rm01
387243,rm01
387280,rm01
387317,rm01
387354,rm01
387388,fdi0
387465,rmat
387485,kcat
387502,rm03
387539,rmat
387559,kcat
387576,rm03
387613,rmat
387633,kcat
387650,rm03
387687,rmat
387707,kcat
387724,rm03
387761,rmat
387781,kcat
387798,rm03
387835,rmat
387855,kcat
387872,rm03
387909,rmat
387929,kcat
387946,rm03
387983,rmat
388003,kcat
388020,rm03
388082,rm03
388112,rm03
388142,rm03
388172,rm03
388202,rm03
388232,rm03
388262,rm03
388292,rm03
388346,rm03
388376,rm03
388406,rm03
388436,rm03
388466,rm03
388496,rm03
388526,rm03
388556,rm03
388609,rm01
388649,rm01
388689,rm01
388729,rm01
388769,rm01
388809,rm01
388849,rm01
388889,rm01
388920,fdi0
388997,rm03
389034,rm03
389071,rm03
389108,rm03
389145,rm03
389182,rm03
389219,rm03
389256,rm03
389304,rm06
389344,rm06E
389359,rm01
389387,rm06E
389402,rm01
389430,rm06E
389445,rm01
389473,rm06E
389488,rm01
389516,rm06E
389531,rm01
389559,rm06E
389574,rm01
389602,rm06E
389617,rm01
389645,rm06E
389660,rm01
389719,rm03
389761,rm03
389803,rm03
389845,rm03
389887,rm03
389929,rm03
389971,rm03
390013,rm03
390071,rm01
390111,rm01
390151,rm01
390191,rm01
390231,rm01
390271,rm01
390311,rm01
390351,rm01
395291,Bashraf
396735,Foudeel
398279,Wahboud
399543,Hantileon
399588,Zopago
399633,Pulonono
401995,Pieuje
402645,s147
402665,fdi0
402682,kant
402729,hi07
402765,tlk1
402783,fdo0
402803,s147
402819,s152
402839,fdi0
402856,kant
402918,tlk0
402936,tlk1
402954,fdo0
402974,s152
402990,s153
403010,fdi0
403027,kant
403059,thk1
403077,fdo0
403097,thk2R
403112,s153
403128,s154
403148,fdi0
403165,kant
403182,tlk0
403200,hi01
403251,han0
403269,fdo0
403289,han1R
403304,s154
403320,s148
403340,fdi0
403357,kant
403389,tlk0
403407,tlk0
403440,tlk0
403458,fdo0
403508,tlk1R
403523,s148
403539,s149
403559,fdi0
403576,kant
403593,dis0
403611,thk1
403629,thk1
403662,fdo0
403697,thk2R
403712,s149
403728,s150
403748,fdi0
403765,kant
403782,tlk0
403815,tha1
403833,fdo0
403868,tlk1R
403883,s150
403899,s151
403919,fdi0
403936,kant
403953,thk1
403971,tlk0
403989,thb1
404007,thk1
404040,fdo0
404105,thb2R
404120,s151
404136,s155
404156,fdi0
404173,kant
404202,lau0
404220,lau1
404238,fdo0
404258,s155
404274,s156
404294,fdi0
404311,kant
404328,ara0n
404358,ara1
404376,fdo0
404396,s156
404412,s157
404432,fdi0
404449,kant
404481,thk0
404499,fdo0
404519,thk1R
404534,s157
404550,s158
404570,fdi0
404587,kant
404604,tlk0
404637,tlk0
404655,fdo0
404675,tlk1R
404690,s158
404706,s159
404726,fdi0
404743,kant
404772,ter0
404790,fdo0
404810,ter1R
404825,s159
404841,s160
404858,fdi0
404875,kant
404904,sij0
404922,fdo0
404942,s160
404958,s161
404978,fdi0
404995,kant
405027,thk1
405045,fdo0
405065,thk2R
405080,s161
405096,s162
405116,fdi0
405133,kant
405150,tlk0
405183,tlk0
405201,fdo0
405221,tlk1R
405236,s162
405252,s163
405272,fdi0
405289,kant
405321,wai0
405339,fdo0
405359,s163
405375,s164
405395,fdi0
405412,kant
405441,syu0
405459,fdo0
405479,s164
405495,s165
405515,fdi0
405532,kant
405564,nmo0
405582,fdo0
405602,s165
405618,s166
405638,fdi0
405655,kant
405672,tlk0
405690,tlk1f
405705,tlk0
405723,tlk1E
405738,fdo0
405758,s166
405774,naks
405791,hass
405808,kant
405886,fdi0
405903,kant
405920,tlk0+
406155,hi01
406198,tlk0+
406223,tlk1E
406238,kaof
406255,fdo0
406272,fdo0
406422,s141
406439,kant
406764,main
406784,stop
406801,stop
406818,stop
406835,stop
406852,stop
406869,stop
406886,stop
406903,stop
406920,s141A
406952,s142
406969,stat
406986,fan1
407003,s142
407018,stop
407053,s204
407070,stat
407087,fan1
407104,s204
407119,stop
407154,s202
407171,stat
407188,fan1
407205,s202
407220,stop
407255,s205
407272,stat
407289,fan1
407306,s205
407321,stop
407356,s206
407373,stat
407390,fan1
407407,s206
407422,stop
407457,s207
407474,stat
407491,fan1
407508,s207
407523,stop
407558,s203
407575,stat
407592,fan1
407609,s203
407624,stop
407659,s208
407676,stat
407693,fan1
407710,s208
407725,stop
412537,s138
412563,rm01E
412578,kc01
412606,rm01E
412621,kc01
412649,rm01E
412664,kc01
412692,rm01E
412707,kc01
412735,rm01E
412750,kc01
412778,rm01E
412793,kc01
412821,rm01E
412836,kc01
412864,rm01E
412879,kc01
412907,rm00E
412922,kc00
412950,rm00E
412965,kc00
412993,rm00E
413008,kc00
413036,rm00E
413051,kc00
413079,rm00E
413094,kc00
413122,rm00E
413137,kc00
413165,rm00E
413180,kc00
413208,rm00E
413223,kc00
413251,kc02
413279,kc02
413307,kc02
413335,kc02
413363,kc02
413391,kc02
413419,kc02
413447,kc02
413475,rm03E
413490,kc03
413518,rm03E
413533,kc03
413561,rm03E
413576,kc03
413604,rm03E
413619,kc03
413647,rm03E
413662,kc03
413690,rm03E
413705,kc03
413733,rm03E
413748,kc03
413776,rm03E
413791,kc03
413819,rm04E
413834,kc04
413862,rm04E
413877,kc04
413905,rm04E
413920,kc04
413948,rm04E
413963,kc04
413991,rm04E
414006,kc04
414034,rm04E
414049,kc04
414077,rm04E
414092,kc04
414120,rm04E
414135,kc04
414163,pc00E
414178,kp00
414206,pc01E
414221,kp01
414249,pc02E
414264,kp02
414292,pc03E
414307,kp03
415069,cho0
415086,cho0
415105,cho0E
415120,kcc0
416879,yor0
416928,yor0
417032,ton0
417050,ton1
417228,yor0
417277,yor02
417381,ton0
417399,ton1
417492,ton0
417510,ton1
417604,yor0
417640,ton0
417658,ton1
417757,ton0
417775,ton1
417854,ton0
417872,ton1
418014,yor0
418053,ton0
418071,ton1
418089,mog0
418107,mog1
418276,mog0
418294,mog1
418447,yor0
418496,yor02
418589,ton0
418607,ton1
418678,mog0
418696,mog1
418742,ton0
418760,ton1
419152,fdo1
419169,fdo1
419326,fdi2
419660,fdo1
419677,fdo1
419834,fdi2
420168,fdo1
420185,fdo1
420342,fdi2
420676,fdo1
420693,fdo1
420850,fdi2
421184,fdo1
421201,fdo1
421358,fdi2
421575,fdo1
421592,fdo1
421737,fdi2
421951,fdo1
421968,fdo1
422113,fdi2
422327,fdo1
422344,fdo1
422489,fdi2
422703,fdo1
422720,fdo1
422865,fdi2
423079,fdo1
423096,fdo1
423241,fdi2
429428,fdo1
429445,fdo1R
429460,s038N
429504,c00i
429526,fdi2
429648,fdo1
429665,fdo1R
429680,s0388
429739,c00i
429761,fdi2
429789,fdo1
429806,fdo1
430009,s038
430029,fdi2
430061,nak0
430079,nak2
430238,nak0
430256,nak2
433972,fdo1
433989,fdo1R
434004,s038N
434048,c00i
434070,fdi2
434192,fdo1
434209,fdo1R
434224,s0388
434283,c00i
434305,fdi2
434333,fdo1
434350,fdo1
434553,s038
434573,fdi2
434605,nak0
434623,nak2
434782,nak0
434800,nak2
438516,fdo1
438533,fdo1R
438548,s038N
438592,c00i
438614,fdi2
438736,fdo1
438753,fdo1R
438768,s0388
438827,c00i
438849,fdi2
438877,fdo1
438894,fdo1
439097,s038
439117,fdi2
439149,nak0
439167,nak2
439326,nak0
439344,nak2
443060,fdo1
443077,fdo1R
443092,s038N
443136,c00i
443158,fdi2
443280,fdo1
443297,fdo1R
443312,s0388
443371,c00i
443393,fdi2
443421,fdo1
443438,fdo1
443641,s038
443661,fdi2
443693,nak0
443711,nak2
443870,nak0
443888,nak2
447604,fdo1
447621,fdo1R
447636,s038N
447680,c00i
447702,fdi2
447824,fdo1
447841,fdo1R
447856,s0388
447915,c00i
447937,fdi2
447965,fdo1
447982,fdo1
448185,s038
448205,fdi2
448237,nak0
448255,nak2
448414,nak0
448432,nak2
452148,fdo1
452165,fdo1R
452180,s038N
452224,c00i
452246,fdi2
452368,fdo1
452385,fdo1R
452400,s0388
452459,c00i
452481,fdi2
452509,fdo1
452526,fdo1
452729,s038
452749,fdi2
452781,nak0
452799,nak2
452958,nak0
452976,nak2
456692,fdo1
456709,fdo1R
456724,s038N
456768,c00i
456790,fdi2
456912,fdo1
456929,fdo1R
456944,s0388
457003,c00i
457025,fdi2
457053,fdo1
457070,fdo1
457273,s038
457293,fdi2
457325,nak0
457343,nak2
457502,nak0
457520,nak2
461236,fdo1
461253,fdo1R
461268,s038N
461312,c00i
461334,fdi2
461456,fdo1
461473,fdo1R
461488,s0388
461547,c00i
461569,fdi2
461597,fdo1
461614,fdo1
461817,s038
461837,fdi2
461869,nak0
461887,nak2
462046,nak0
462064,nak2
465780,fdo1
465797,fdo1R
465812,s038N
465856,c00i
465878,fdi2
466000,fdo1
466017,fdo1R
466032,s0388
466091,c00i
466113,fdi2
466141,fdo1
466158,fdo1
466361,s038
466381,fdi2
466413,nak0
466431,nak2
466590,nak0
466608,nak2
470324,fdo1
470341,fdo1R
470356,s038N
470400,c00i
470422,fdi2
470544,fdo1
470561,fdo1R
470576,s0388
470635,c00i
470657,fdi2
470685,fdo1
470702,fdo1
470905,s038
470925,fdi2
470957,nak0
470975,nak2
471134,nak0
471152,nak2
474868,fdo1
474885,fdo1R
474900,s038N
474944,c00i
474966,fdi2
475088,fdo1
475105,fdo1R
475120,s0388
475179,c00i
475201,fdi2
475229,fdo1
475246,fdo1
475449,s038
475469,fdi2
475501,nak0
475519,nak2
475678,nak0
475696,nak2
479412,fdo1
479429,fdo1R
479444,s038N
479488,c00i
479510,fdi2
479632,fdo1
479649,fdo1R
479664,s0388
479723,c00i
479745,fdi2
479773,fdo1
479790,fdo1
479993,s038
480013,fdi2
480045,nak0
480063,nak2
480222,nak0
480240,nak2
483956,fdo1
483973,fdo1R
483988,s038N
484032,c00i
484054,fdi2
484176,fdo1
484193,fdo1R
484208,s0388
484267,c00i
484289,fdi2
484317,fdo1
484334,fdo1
484537,s038
484557,fdi2
484589,nak0
484607,nak2
484766,nak0
484784,nak2
488500,fdo1
488517,fdo1R
488532,s038N
488576,c00i
488598,fdi2
488720,fdo1
488737,fdo1R
488752,s0388
488811,c00i
488833,fdi2
488861,fdo1
488878,fdo1
489081,s038
489101,fdi2
489133,nak0
489151,nak2
489310,nak0
489328,nak2
493044,fdo1
493061,fdo1R
493076,s038N
493120,c00i
493142,fdi2
493264,fdo1
493281,fdo1R
493296,s0388
493355,c00i
493377,fdi2
493405,fdo1
493422,fdo1
493625,s038
493645,fdi2
493677,nak0
493695,nak2
493854,nak0
493872,nak2
497588,fdo1
497605,fdo1R
497620,s038N
497664,c00i
497686,fdi2
497808,fdo1
497825,fdo1R
497840,s0388
497899,c00i
497921,fdi2
497949,fdo1
497966,fdo1
498169,s038
498189,fdi2
498221,nak0
498239,nak2
498398,nak0
498416,nak2
502132,fdo1
502149,fdo1R
502164,s038N
502208,c00i
502230,fdi2
502352,fdo1
502369,fdo1R
502384,s0388
502443,c00i
502465,fdi2
502493,fdo1
502510,fdo1
502713,s038
502733,fdi2
502765,nak0
502783,nak2
502942,nak0
502960,nak2
506676,fdo1
506693,fdo1R
506708,s038N
506752,c00i
506774,fdi2
506896,fdo1
506913,fdo1R
506928,s0388
506987,c00i
507009,fdi2
507037,fdo1
507054,fdo1
507257,s038
507277,fdi2
507309,nak0
507327,nak2
507486,nak0
507504,nak2
511220,fdo1
511237,fdo1R
511252,s038N
511296,c00i
511318,fdi2
511440,fdo1
511457,fdo1R
511472,s0388
511531,c00i
511553,fdi2
511581,fdo1
511598,fdo1
511801,s038
511821,fdi2
511853,nak0
511871,nak2
512030,nak0
512048,nak2
515764,fdo1
515781,fdo1R
515796,s038N
515840,c00i
515862,fdi2
515984,fdo1
516001,fdo1R
516016,s0388
516075,c00i
516097,fdi2
516125,fdo1
516142,fdo1
516345,s038
516365,fdi2
516397,nak0
516415,nak2
516574,nak0
516592,nak2
519853,fdo1
519870,fdo1R
519885,s038N
519929,c00i
519951,fdi2
520030,fdo1
520047,fdo1R
520062,s0388
520121,c00i
520143,fdi2
520171,fdo1
520188,fdo1
520391,s038
520411,fdi2
520443,nak0
520461,nak2
520620,nak0
520638,nak2
522441,fdo1
522458,fdo1R
522473,s038N
522517,c00i
522539,fdi2
522618,fdo1
522635,fdo1R
522650,s0388
522709,c00i
522731,fdi2
522759,fdo1
522776,fdo1
522979,s038
522999,fdi2
523031,nak0
523049,nak2
523208,nak0
523226,nak2
525029,fdo1
525046,fdo1R
525061,s038N
525105,c00i
525127,fdi2
525206,fdo1
525223,fdo1R
525238,s0388
525297,c00i
525319,fdi2
525347,fdo1
525364,fdo1
525567,s038
525587,fdi2
525619,nak0
525637,nak2
525796,nak0
525814,nak2
527617,fdo1
527634,fdo1R
527649,s038N
527693,c00i
527715,fdi2
527794,fdo1
527811,fdo1R
527826,s0388
527885,c00i
527907,fdi2
527935,fdo1
527952,fdo1
528155,s038
528175,fdi2
528207,nak0
528225,nak2
528384,nak0
528402,nak2
530205,fdo1
530222,fdo1R
530237,s038N
530281,c00i
530303,fdi2
530382,fdo1
530399,fdo1R
530414,s0388
530473,c00i
530495,fdi2
530523,fdo1
530540,fdo1
530743,s038
530763,fdi2
530795,nak0
530813,nak2
530972,nak0
530990,nak2
532062,eton
532445,fdo1
532731,fdo1
532748,fdo1G
532788,fdi2
532857,fdo1
532874,fdo1G
532914,fdi2
532983,fdo1
533000,fdo1G
533040,fdi2
533109,fdo1
533126,fdo1G
533166,fdi2
533235,fdo1
533252,fdo1G
533292,fdi2
533361,fdo1
533378,fdo1G
533418,fdi2
533487,fdo1
533504,fdo1G
533544,fdi2
533613,fdo1
533630,fdo1G
533670,fdi2
533983,fdo1
534000,fdo1G
534040,fdi2
534109,fdo1
534126,fdo1G
534166,fdi2
534235,fdo1
534252,fdo1G
534292,fdi2
534361,fdo1
534378,fdo1G
534418,fdi2
534487,fdo1
534504,fdo1G
534544,fdi2
534613,fdo1
534630,fdo1G
534670,fdi2
534739,fdo1
534756,fdo1G
534796,fdi2
534865,fdo1
534882,fdo1G
534922,fdi2
535235,fdo1
535252,fdo1G
535292,fdi2
535361,fdo1
535378,fdo1G
535418,fdi2
535487,fdo1
535504,fdo1G
535544,fdi2
535613,fdo1
535630,fdo1G
535670,fdi2
535739,fdo1
535756,fdo1G
535796,fdi2
535865,fdo1
535882,fdo1G
535922,fdi2
535991,fdo1
536008,fdo1G
536048,fdi2
536117,fdo1
536134,fdo1G
536174,fdi2
536487,fdo1
536504,fdo1G
536544,fdi2
536613,fdo1
536630,fdo1G
536670,fdi2
536739,fdo1
536756,fdo1G
536796,fdi2
536865,fdo1
536882,fdo1G
536922,fdi2
536991,fdo1
537008,fdo1G
537048,fdi2
537117,fdo1
537134,fdo1G
537174,fdi2
537243,fdo1
537260,fdo1G
537300,fdi2
537369,fdo1
537386,fdo1G
537426,fdi2
537743,fdo1
537760,fdo1G
537800,fdi2
537869,fdo1
537886,fdo1G
537926,fdi2
537995,fdo1
538012,fdo1G
538052,fdi2
538121,fdo1
538138,fdo1G
538178,fdi2
538247,fdo1
538264,fdo1G
538304,fdi2
538373,fdo1
538390,fdo1G
538430,fdi2
538499,fdo1
538516,fdo1G
538556,fdi2
538625,fdo1
538642,fdo1G
538682,fdi2
538999,fdo1
539016,fdo1G
539056,fdi2
539125,fdo1
539142,fdo1G
539182,fdi2
539251,fdo1
539268,fdo1G
539308,fdi2
539377,fdo1
539394,fdo1G
539434,fdi2
539503,fdo1
539520,fdo1G
539560,fdi2
539629,fdo1
539646,fdo1G
539686,fdi2
539755,fdo1
539772,fdo1G
539812,fdi2
539881,fdo1
539898,fdo1G
539938,fdi2
540255,fdo1
540272,fdo1G
540312,fdi2
540381,fdo1
540398,fdo1G
540438,fdi2
540507,fdo1
540524,fdo1G
540564,fdi2
540633,fdo1
540650,fdo1G
540690,fdi2
540759,fdo1
540776,fdo1G
540816,fdi2
540885,fdo1
540902,fdo1G
540942,fdi2
541011,fdo1
541028,fdo1G
541068,fdi2
541137,fdo1
541154,fdo1G
541194,fdi2
541511,fdo1
541528,fdo1G
541568,fdi2
541637,fdo1
541654,fdo1G
541694,fdi2
541763,fdo1
541780,fdo1G
541820,fdi2
541889,fdo1
541906,fdo1G
541946,fdi2
542015,fdo1
542032,fdo1G
542072,fdi2
542141,fdo1
542158,fdo1G
542198,fdi2
542267,fdo1
542284,fdo1G
542324,fdi2
542393,fdo1
542410,fdo1G
542450,fdi2
542580,fdo1
542600,dor2
542716,fdo1
542736,dor2
542852,fdo1
542872,dor2
543011,fdo1
543031,dor2
543068,fdo1
543088,dor2
543125,fdo1
543145,dor2
543182,fdo1
543202,dor2
543304,fdo1
543324,dor2
543432,main
543540,main
553252,pas0
553269,pas0
553300,pas0
553317,pas0
553348,pas0
553365,pas0
553443,pas0
553460,pas0
614174,pas0+
614195,pas0
614321,twb0
614365,twb1
614412,twb1f
614427,twa0+
614450,twa1
614556,thk1+
614632,thk2+
614653,thk2
614695,twa0+
614718,twa1+
615016,tlk0
615094,tlk0
615118,tlk1
615147,tlk0
615166,tlk1
615471,tlk0
615545,tlk1
615586,in00
615649,tlk0
619333,fdo1
619350,fdo1EN
619365,fdi1
619382,fdi1
620192,fdo1
620209,fdo1
620289,fdi1
620306,fdi1
627317,fdo1
627334,fdo1EN
627349,fdi1
627366,fdi1
628176,fdo1
628193,fdo1
628273,fdi1
628290,fdi1
673284,fdi0
673301,fdi0
673317,fdo0
673334,fdo0
673350,fdi1
673367,fdi1
673383,fdo1
673400,fdo1
673416,whi1
673433,whi1
673449,who1
673466,who1
673482,who2
673499,who2
673515,who3
673532,who3
673548,main
673568,fdo1
673585,fdo1
673601,fdi1
673618,main
673638,fdi1
673654,blon
673671,blon
673689,whi0
673706,whi0
673722,who0
673739,who0
673755,efon
673772,efon
673788,fdis
673806,fdos
673823,fdos
673839,fdif
673857,fdof
673874,fdof
673890,fdip
673908,fdop
673925,fdop
674069,s032
674504,s032
674965,s032
675072,s032
675131,s032
675195,s032
675259,s032
675323,s032
675399,s032
677109,clp0
677125,clp0
677261,se00
677389,se00
677517,se00
677645,se00
677773,se00
677901,se00
678029,se00
678157,se00
678534,clp0
678576,clp0
678711,clp0
679057,clp0
679083,clp0
679099,clp0
679115,clp0
679131,clp0
679147,clp0
679384,clp0
679410,clp0
679426,clp0
679442,clp0
679458,clp0
679474,clp0
679670,s038
679688,clp0
679880,se01
679956,clp0
679992,se00
680068,clp0
680104,se00
680180,clp0
680216,se00
680265,s038
680283,clp0
680475,se01
680604,clp0
680640,se00
680779,clp0
680815,se00
680891,clp0
680927,se00
680984,s038
681055,clp0
681305,se01
681320,clp0
681417,se00
681432,clp0
681529,se00
681544,clp0
681641,se00
681656,clp0
681753,se00
683973,s038
683991,clp0
684067,se01
684082,clp0
684179,se00
684206,s021
684574,s031
684702,s032
691254,GFHd
691286,dFHd
691446,s032
691563,l000
691587,sp60
691626,se03
691880,s037
691953,s037
691984,s037
692052,s038
692556,fdi2
695758,se01
697265,se00
697576,s021
697640,main
697657,main
697690,s022
697727,eio0
697751,job0
697775,l001
697827,sp40
697906,l00b
697960,rstd
697978,rwr0
698002,sp00
698028,hi07
698080,fan5
698112,s001
698380,sc00
698398,sc00
701488,pnt0
701506,se02
701522,new0
701540,se02
701558,new1
701572,m001
701588,m003
701604,aya0
701660,hi09
701900,onmy
701920,ofmy
702017,onmy
702037,ofmy
